{
    "uuids": {
        "phone_id": "2a20a07f-40d8-4cdb-acc8-543f8ade7b0e",
        "uuid": "d91f3228-8ed3-43aa-af39-5ddf58bc8a2b",
        "client_session_id": "b38ce29a-d9b7-41ab-8ddb-fafd580021b1",
        "advertising_id": "b4ca68b6-1fd0-47a3-9a82-222f2e5b7f65",
        "android_device_id": "android-00f31d92ab331338",
        "request_id": "9435234e-206a-4d1a-9044-2e9ef1d5bc4e",
        "tray_session_id": "8aba7a69-f444-432d-8408-3e977cd4c77b"
    },
    "mid": "aNr3UAABAAE532cjCXp-SsSIQVkG",
    "ig_u_rur": null,
    "ig_www_claim": null,
    "authorization_data": {
        "ds_user_id": "46829079202",
        "sessionid": "46829079202%3A0W08LBTjekRLVw%3A21%3AAYhU7SbOuOGm4ibUwHVPjoL8e5SqhJC_t61LA_2bKQ"
    },
    "cookies": {},
    "last_login": 1759180634.670946,
    "device_settings": {
        "app_version": "269.0.0.18.75",
        "android_version": 26,
        "android_release": "8.0.0",
        "dpi": "480dpi",
        "resolution": "1080x1920",
        "manufacturer": "OnePlus",
        "device": "devitron",
        "model": "6T Dev",
        "cpu": "qcom",
        "version_code": "314665256"
    },
    "user_agent": "Instagram 269.0.0.18.75 Android (26/8.0.0; 480dpi; 1080x1920; OnePlus; 6T Dev; devitron; qcom; en_US; 314665256)",
    "country": "US",
    "country_code": 1,
    "locale": "en_US",
    "timezone_offset": -14400
}